rownum,alpha2 code,country name,top level domain,wikipedia link,de-jure capital city,de-facto capital city,official languages,language ISO 639 codes,area (in km2),time zones,day light saving time zones,international calling code,dedicated area codes,is country Commonwealth?,sovereign state name,sovereign state alpha 2 code,is territory only (no permanent population),disputed territory
1,AD,Andorra,.ad,https://en.wikipedia.org/wiki/Andorra,Andorra la Vella,,Catalan,ca,467.63,UTC +1,UTC +2,+376,,,,,,
2,AE,United Arab Emirates,.ae,https://en.wikipedia.org/wiki/United_Arab_Emirates,Abu Dhabi,,Arabic,ar,83600.00,UTC +4,,+971,,,,,,
3,AF,Afghanistan,.af,https://en.wikipedia.org/wiki/Afghanistan,Kabul,,Pashto|Dari,ps|prs,652867.00,UTC +4:30,,+93,,,,,,
4,AG,Antigua and Barbuda,.ag,https://en.wikipedia.org/wiki/Antigua_and_Barbuda,St. John's,,English,en,440.00,UTC -4,,+1,268,TRUE,,,,
5,AI,Anguilla,.ai,https://en.wikipedia.org/wiki/Anguilla,The Valley,,English,en,91.00,UTC -4,,+1,264,,united kingdom,gb,,
6,AL,Albania,.al,https://en.wikipedia.org/wiki/Albania,Tirana,,Albanian,sq,28748.00,UTC +1,UTC +2,+355,,,,,,
7,AM,Armenia,.am,https://en.wikipedia.org/wiki/Armenia,Yerevan,,Armenian,hy,29743.00,UTC +4,,+374,,,,,,
8,AO,Angola,.ao,https://en.wikipedia.org/wiki/Angola,Luanda,,Portuguese,pt,1246700.00,UTC +1,,+244,,,,,,
9,AQ,Antarctica,.aq,https://en.wikipedia.org/wiki/Antarctica,,,,,14200000.00,,,,,,,,TRUE,
10,AR,Argentina,.ar,https://en.wikipedia.org/wiki/Argentina,Buenos Aires,,Spanish,es,2780400.00,UTC -3,,+54,,,,,,
11,AS,American Samoa,.as,https://en.wikipedia.org/wiki/American_Samoa,Pago Pago,,English|Samoan,en|sm,77.00,UTC -11,,+1,684,,united states,us,,
12,AT,Austria,.at,https://en.wikipedia.org/wiki/Austria,Vienna,,German,de,83900.00,UTC +1,UTC +2,+43,,,,,,
13,AU,Australia,.au,https://en.wikipedia.org/wiki/Australia,Canberra,,,,7692024.00,UTC +8|UTC +9:30|UTC +10,UTC +8|UTC +9:30|UTC +10|UTC +10:30|UTC +11,+61,,TRUE,,,,
14,AW,Aruba,.aw,https://en.wikipedia.org/wiki/Aruba,Oranjestad,,Papiamento|Dutch,pap|nl,179.64,UTC -4,,+297,,,netherlands,nl,,
15,AX,Åland Islands,.ax,https://en.wikipedia.org/wiki/%C3%85land,Mariehamn,,Swedish,sv,1580.00,UTC +2,UTC +3,+358,18,,finland,fi,,
16,AZ,Azerbaijan,.az,https://en.wikipedia.org/wiki/Azerbaijan,Baku,,Azerbaijani,az,86600.00,UTC +4,,+994,,,,,,
17,BA,Bosnia and Herzegovina,.ba,https://en.wikipedia.org/wiki/Bosnia_and_Herzegovina,Sarajevo,,,,51219.00,UTC +1,UTC +2,+387,,,,,,
18,BB,Barbados,.bb,https://en.wikipedia.org/wiki/Barbados,Bridgetown,,English,en,439.00,UTC -4,,+1,246,TRUE,,,,
19,BD,Bangladesh,.bd,https://en.wikipedia.org/wiki/Bangladesh,Dhaka,,Bengali,bn,148460.00,UTC +6,,+880,,TRUE,,,,
20,BE,Belgium,.be,https://en.wikipedia.org/wiki/Belgium,Brussels,,Dutch|French|German,nl|fr|de,30689.00,UTC +1,UTC +2,+32,,,,,,
21,BF,Burkina Faso,.bf,https://en.wikipedia.org/wiki/Burkina_Faso,Ouagadougou,,Mooré|Bissa|Dyula|Fula,mos|bib|dyu|ff,274200.00,UTC 0,,+226,,,,,,
22,BG,Bulgaria,.bg,https://en.wikipedia.org/wiki/Bulgaria,Sofia,,Bulgarian,bg,110993.60,UTC +2,UTC +3,+359,,,,,,
23,BH,Bahrain,.bh,https://en.wikipedia.org/wiki/Bahrain,Manama,,Arabic,ar,786.50,UTC +3,,+973,,,,,,
24,BI,Burundi,.bi,https://en.wikipedia.org/wiki/Burundi,Gitega,Bujumbura,Kirundi|French|English,rn|fr|en,27834.00,UTC +2,,+257,,,,,,
25,BJ,Benin,.bj,https://en.wikipedia.org/wiki/Benin,Porto-Novo,,French,fr,114763.00,UTC +1,,+229,,,,,,
26,BL,Saint Barthélemy,.bl,https://en.wikipedia.org/wiki/Saint_Barth%C3%A9lemy,Gustavia,,French,fr,25.00,UTC -4,,+590,,,France,fr,,
27,BM,Bermuda,.bm,https://en.wikipedia.org/wiki/Bermuda,Hamilton,,English,en,53.20,UTC -4,UTC -3,+1,441,,united kingdom,gb,,
28,BN,Brunei Darussalam,.bn,https://en.wikipedia.org/wiki/Brunei,Bandar Seri Begawan,,Malay,ms,5765.00,UTC +8,,+673,,TRUE,,,,
29,BO,Bolivia (Plurinational State of),.bo,https://en.wikipedia.org/wiki/Bolivia,Sucre,La Paz,Spanish|Quechua|Aymara|Guarani|Others,sp|qu|ay|gn,1098581.00,UTC -4,,+591,,,,,,
30,BQ,Bonaire|Sint Eustatius and Saba,.bq,https://en.wikipedia.org/wiki/Caribbean_Netherlands,,,Dutch,nl,322.00,UTC -4,,,,,netherlands,nl,,
31,BR,Brazil,.br,https://en.wikipedia.org/wiki/Brazil,Brasília,,Portuguese,pt,8515767.00,UTC -2|UTC -3|UTC -4|UTC -5,,+55,,,,,,
32,BS,Bahamas,.bs,https://en.wikipedia.org/wiki/The_Bahamas,Nassau,,English,en,13943.00,UTC -5,UTC -4,+1,242,TRUE,,,,
33,BT,Bhutan,.bt,https://en.wikipedia.org/wiki/Bhutan,Thimphu,,Dzongkha,dz,38394.00,UTC +6,,+975,,,,,,
34,BV,Bouvet Island,.bv,https://en.wikipedia.org/wiki/Bouvet_Island,,,Norwegian,no,49.00,,,,,,Norway,no,TRUE,
35,BW,Botswana,.bw,https://en.wikipedia.org/wiki/Botswana,Gaborone,,English,en,581730.00,UTC +2,,+267,,TRUE,,,,
36,BY,Belarus,.by,https://en.wikipedia.org/wiki/Belarus,Minsk,,Belarusian|Russian,be|ru,207595.00,UTC +3,,+375,,,,,,
37,BZ,Belize,.bz,https://en.wikipedia.org/wiki/Belize,Belmopan,,English,en,22966.00,UTC -6,,+501,,TRUE,,,,
38,CA,Canada,.ca,https://en.wikipedia.org/wiki/Canada,Ottawa,,English|French,en|fr,9984670.00,UTC -3:30|UTC -4|UTC -5|UTC -6|UTC -7|UTC -8,UTC -2:30|UTC -3|UTC -4|UTC -5|UTC -6|UTC -7,+1,,TRUE,,,,
39,CC,Cocos (Keeling) Islands,.cc,https://en.wikipedia.org/wiki/Cocos_(Keeling)_Islands,West Island,,,,14.00,UTC +6:30,,+61,891,,Australia,au,,
40,CD,Congo|Democratic Republic of the,.cd,https://en.wikipedia.org/wiki/Democratic_Republic_of_the_Congo,Kinshasa,,French,fr,2345409.00,UTC +1|UTC +2,,+243,,,,,,
41,CF,Central African Republic,.cf,https://en.wikipedia.org/wiki/Central_African_Republic,Bangui,,Sango|French,sg|fr,622984.00,UTC +1,,+236,,,,,,
42,CG,Congo,.cg,https://en.wikipedia.org/wiki/Republic_of_the_Congo,Brazzaville,,French,fr,342000.00,UTC +1,,+242,,,,,,
43,CH,Switzerland,.ch,https://en.wikipedia.org/wiki/Switzerland,,Bern,German|French|Italian|Romansh,de|fr|it|,41285.00,UTC +1,UTC +2,+41,,,,,,
44,CI,Côte d'Ivoire,.ci,https://en.wikipedia.org/wiki/Ivory_Coast,Yamoussoukro ,Abidjan,French,fr,322463.00,UTC 0,,+225,,,,,,
45,CK,Cook Islands,.ck,https://en.wikipedia.org/wiki/Cook_Islands,Avarua,,English|Cook Islands Māori ,en|rar,236.70,UTC -10,,+682,,,,,,
46,CL,Chile,.cl,https://en.wikipedia.org/wiki/Chile,Santiagoa,,Spanish,es,756949.00,UTC -4|UTC -6,UTC -3|UTC -5,+56,,,,,,
47,CM,Cameroon,.cm,https://en.wikipedia.org/wiki/Cameroon,Yaoundé,,English|French,en|fr,475442.00,UTC +1,,+237,,TRUE,,,,
48,CN,China,.cn,https://en.wikipedia.org/wiki/China,Beijing,,Simplified Chinese,zh_Hans,9596961.00,UTC +8,,+86,,,,,,
49,CO,Colombia,.co,https://en.wikipedia.org/wiki/Colombia,Bogotá,,Spanish,es,1141748.00,UTC -5,,+57,,,,,,
50,CR,Costa Rica,.cr,https://en.wikipedia.org/wiki/Costa_Rica,San José,,Spanish,es,51100.00,UTC -6,,+506,,,,,,
51,CU,Cuba,.cu,https://en.wikipedia.org/wiki/Cuba,Havana,,Spanish,es,110860.00,UTC -5,UTC -4,+53,,,,,,
52,CV,Cabo Verde,.cv,https://en.wikipedia.org/wiki/Cape_Verde,Praia,,Portuguese,pt,4033.00,UTC -1,,+238,,,,,,
53,CW,Curaçao,.cw,https://en.wikipedia.org/wiki/Cura%C3%A7ao,Willemstad,,Papiamento|Dutch|English,pap|nl|english,444.00,UTC -4,,+599,,,netherlands,nl,,
54,CX,Christmas Island,.cx,https://en.wikipedia.org/wiki/Christmas_Island,Flying Fish Cove,,,,135.00,UTC +7,,+61,8 91,,Australia,au,,
55,CY,Cyprus,.cy,https://en.wikipedia.org/wiki/Cyprus,Nicosia,,Greek|Turkish,el|tr,9251.00,UTC +2,UTC +3,+357,,TRUE,,,,
56,CZ,Czechia,.cz,https://en.wikipedia.org/wiki/Czech_Republic,Prague,,Czech,cs,78871.00,UTC +1,UTC +2,+420,,,,,,
57,DE,Germany,.de,https://en.wikipedia.org/wiki/Germany,Berlin,,German,de,357600.00,UTC +1,UTC +2,+49,,,,,,
58,DJ,Djibouti,.dj,https://en.wikipedia.org/wiki/Djibouti,Djibouti,,Arabic|French,ar|fr,23200.00,UTC +3,,+253,,,,,,
59,DK,Denmark,.dk,https://en.wikipedia.org/wiki/Denmark,Copenhagen,,Danish,da,43094.00,UTC +1,UTC +2,+45,,,,,,
60,DM,Dominica,.dm,https://en.wikipedia.org/wiki/Dominica,Roseau,,English,en,750.00,UTC -4,,+1,767,TRUE,,,,
61,DO,Dominican Republic,.do,https://en.wikipedia.org/wiki/Dominican_Republic,Santo Domingo,,Spanish,es,48671.00,UTC -4,,+1,809|829|849,,,,,
62,DZ,Algeria,.dz,https://en.wikipedia.org/wiki/Algeria,Algiers,,Arabic|Berber,ar|ber,2381741.00,UTC +1,,+213,,,,,,
63,EC,Ecuador,.ec,https://en.wikipedia.org/wiki/Ecuador,Quito,,Spanish,es,283561.00,UTC -5|UTC -6,,+593,,,,,,
64,EE,Estonia,.ee,https://en.wikipedia.org/wiki/Estonia,Tallinn,,Estonian,et,45339.00,UTC +2,UTC +3,+372,,,,,,
65,EG,Egypt,.eg,https://en.wikipedia.org/wiki/Egypt,Cairo,,Arabic,ar,1010408.00,UTC +2,UTC +3,+20,,,,,,
66,EH,Western Sahara,,https://en.wikipedia.org/wiki/Western_Sahara,,,,,266000.00,UTC +1,,,,,Morocco,ma,,TRUE
67,ER,Eritrea,.er,https://en.wikipedia.org/wiki/Eritrea,Asmara,,,,120000.00,UTC +3,,+291,,,,,,
68,ES,Spain,.es,https://en.wikipedia.org/wiki/Spain,Madrid,,Spanish,es,505994.00,UTC 0|UTC +1,UTC +1|UTC +2,+34,,,,,,
69,ET,Ethiopia,.et,https://en.wikipedia.org/wiki/Ethiopia,Addis Ababa,,Afar|Amharic|Oromo|Somali|Tigrinya,aa|am|om|ti|so,1112000.00,UTC +3,,+251,,,,,,
70,FI,Finland,.fi,https://en.wikipedia.org/wiki/Finland,Helsinki,,Finnish|Swedish,fi|sv,338145.00,UTC +2,UTC +3,+358,,,,,,
71,FJ,Fiji,.fj,https://en.wikipedia.org/wiki/Fiji,Suva,,iTaukei|English|Fiji Hindi,fj|en|hif,18274.00,UTC +12,,+679,,TRUE,,,,
72,FK,Falkland Islands (Malvinas),.fk,https://en.wikipedia.org/wiki/Falkland_Islands,Stanley,,English,en,12173.00,UTC -3,,+500,,,united kingdom,gb,,
73,FM,Micronesia (Federated States of),.fm,https://en.wikipedia.org/wiki/Federated_States_of_Micronesia,Palikir,,English,en,702.00,UTC +10|UTC +11,,+691,,,,,,
74,FO,Faroe Islands,.fo,https://en.wikipedia.org/wiki/Faroe_Islands,Tórshavn,,Faroese|Danish,fo|da,1393.00,UTC 0,UTC +1,+298,,,Denmark,de,,
75,FR,France,.fr,https://en.wikipedia.org/wiki/France,Paris,,French,fr,643801.00,UTC +1,UTC +2,+33,,,,,,
76,GA,Gabon,.ga,https://en.wikipedia.org/wiki/Gabon,Libreville,,French,fr,267668.00,UTC +1,,+241,,TRUE,,,,
77,GB,United Kingdom of Great Britain and Northern Ireland,.uk,https://en.wikipedia.org/wiki/United_Kingdom,London,,,,243610.00,UTC 0,UTC +1,+44,,TRUE,,,,
78,GD,Grenada,.gd,https://en.wikipedia.org/wiki/Grenada,St. George's,,English,en,348.50,UTC -4,,+1,473,TRUE,,,,
79,GE,Georgia,.ge,https://en.wikipedia.org/wiki/Georgia_(country),Tbilisi,,Georgian,ka,69700.00,UTC +4,,+995,,,,,,
80,GF,French Guiana,.gf,https://en.wikipedia.org/wiki/French_Guiana,,,,,84000.00,UTC -3,,,,,France,fr,,
81,GG,Guernsey,.gg,https://en.wikipedia.org/wiki/Bailiwick_of_Guernsey,St. Peter Port,,English,en,78.00,UTC 0,UTC +1,+44,,,United Kingdom,gb,,
82,GH,Ghana,.gh,https://en.wikipedia.org/wiki/Ghana,Accra,,English,en,239567.00,UTC 0,,+233,,TRUE,,,,
83,GI,Gibraltar,.gi,https://en.wikipedia.org/wiki/Gibraltar,,,English,en,6.80,UTC +1,UTC +2,+350,,,United Kingdom,gb,,
84,GL,Greenland,.gl,https://en.wikipedia.org/wiki/Greenland,Nuuk,,Greenlandic,kl,2166086.00,UTC -4|UTC -3|UTC -2|UTC -1|UTC 0,,+299,,,Denmark,de,,
85,GM,Gambia,.gm,https://en.wikipedia.org/wiki/The_Gambia,Banjul,,English,en,11300.00,UTC 0,,+220,,TRUE,,,,
86,GN,Guinea,.gn,https://en.wikipedia.org/wiki/Guinea,Conakry,,French,fr,245857.00,UTC 0,,+224,,,,,,
87,GP,Guadeloupe,.gp,https://en.wikipedia.org/wiki/Guadeloupe,,,,,1628.00,UTC -4,,,,,France,fr,,
88,GQ,Equatorial Guinea,.gq,https://en.wikipedia.org/wiki/Equatorial_Guinea,Malabo,,Spanish|French|Portuguese,es|fr|pt,28050.00,UTC +1,,+240,,,,,,
89,GR,Greece,.gr,https://en.wikipedia.org/wiki/Greece,Athens,,Greek,el,131957.00,UTC +2,UTC +3,+30,,,,,,
90,GS,South Georgia and the South Sandwich Islands,.gs,https://en.wikipedia.org/wiki/South_Georgia_and_the_South_Sandwich_Islands,King Edward Point,,English,en,3903.00,UTC -2,,+500,,,United Kingdom,gb,,
91,GT,Guatemala,.gt,https://en.wikipedia.org/wiki/Guatemala,Guatemala City,,Spanish,es,108889.00,UTC -6,,+502,,,,,,
92,GU,Guam,.gu,https://en.wikipedia.org/wiki/Guam,Hagåtña,,English|Chamoru,en|ch,210.00,UTC +10,,+1,671,,united states,us,,
93,GW,Guinea-Bissau,.gw,https://en.wikipedia.org/wiki/Guinea-Bissau,Bissau,,Portuguese,pt,36125.00,UTC 0,,+245,,,,,,
94,GY,Guyana,.gy,https://en.wikipedia.org/wiki/Guyana,Georgetown,,English,en,214970.00,UTC -4,,+592,,TRUE,,,,
95,HK,Hong Kong,.hk,https://en.wikipedia.org/wiki/Hong_Kong,Tamar,,Chinese|English,zh_hant|en,2754.97,UTC +8,,+852,,,china,cn,,
96,HM,Heard Island and McDonald Islands,.hm,https://en.wikipedia.org/wiki/Heard_Island_and_McDonald_Islands,,,,,368.00,UTC +5,,,,,Australia,au,TRUE,
97,HN,Honduras,.hn,https://en.wikipedia.org/wiki/Honduras,Tegucigalpa,,Spanish,es,112492.00,UTC -6,,+504,,,,,,
98,HR,Croatia,.hr,https://en.wikipedia.org/wiki/Croatia,Zagreb,,Croatian,hr,56594.00,UTC +1,UTC +2,+385,,,,,,
99,HT,Haiti,.ht,https://en.wikipedia.org/wiki/Haiti,Port-au-Prince,,French|Haitian Creole,fr|ht,27750.00,UTC -5,UTC -4,+509,,,,,,
100,HU,Hungary,.hu,https://en.wikipedia.org/wiki/Hungary,Budapest,,Hungarian,hu,93030.00,UTC +1,UTC +2,+36,,,,,,
101,ID,Indonesia,.id,https://en.wikipedia.org/wiki/Indonesia,Jakarta,,Indonesian,Id,1904569.00,UTC +7|UTC +8|UTC +9,,+62,,,,,,
102,IE,Ireland,.ie,https://en.wikipedia.org/wiki/Republic_of_Ireland,Dublin,,Irish|English,ga|en,70273.00,UTC 0,UTC +1,+353,,,,,,
103,IL,Israel,.il,https://en.wikipedia.org/wiki/Israel,Jerusalem,,Hebrew,he,21937.00,UTC +2,UTC +3,+972,,,,,,
104,IM,Isle of Man,.im,https://en.wikipedia.org/wiki/Isle_of_Man,Douglas,,English|Manx,en|gv,572.00,UTC 0,UTC +1,+44,,,United Kingdom,gb,,
105,IN,India,.in,https://en.wikipedia.org/wiki/India,New Delhi,,Hindi|English,hi|en,3287263.00,UTC +5:30,,+91,,TRUE,,,,
106,IO,British Indian Ocean Territory,.io,https://en.wikipedia.org/wiki/British_Indian_Ocean_Territory,Diego Garcia,,English,en,54000.00,UTC +6,,+246,,,United Kingdom,gb,,
107,IQ,Iraq,.iq,https://en.wikipedia.org/wiki/Iraq,Baghdad,,Arabic|Kurdish,ar|ku,438317.00,UTC +3,,+964,,,,,,
108,IR,Iran (Islamic Republic of),.ir,https://en.wikipedia.org/wiki/Iran,Tehran,,Persian,fa,1648195.00,UTC +3:30,,+98,,,,,,
109,IS,Iceland,.is,https://en.wikipedia.org/wiki/Iceland,Reykjavík,,Icelandic,is,103125.00,UTC 0,,+354,,,,,,
110,IT,Italy,.it,https://en.wikipedia.org/wiki/Italy,Rome,,Italian,it,301340.00,UTC +1,UTC +2,+39,,,,,,
111,JE,Jersey,.je,https://en.wikipedia.org/wiki/Jersey,St Helier,,English|Norman|French,en|fr|nrf,119.60,UTC 0,UTC +1,+44,,,United Kingdom,gb,,
112,JM,Jamaica,.jm,https://en.wikipedia.org/wiki/Jamaica,Kingston,,English,en,10991.00,UTC -5,,+1,876|658,TRUE,,,,
113,JO,Jordan,.jo,https://en.wikipedia.org/wiki/Jordan,Amman,,Arabic,ar,89342.00,UTC +3,,+962,,,,,,
114,JP,Japan,.jp,https://en.wikipedia.org/wiki/Japan,Tokyo,,,,377975.00,UTC +9,,+81,,,,,,
115,KE,Kenya,.ke,https://en.wikipedia.org/wiki/Kenya,Nairobi,,Swahili|English,sw|en,580367.00,UTC +3,,+254,,TRUE,,,,
116,KG,Kyrgyzstan,.kg,https://en.wikipedia.org/wiki/Kyrgyzstan,Bishkek,,Kyrgyz|Russian,ky|ru,199951.00,UTC +6,,+996,,,,,,
117,KH,Cambodia,.kh,https://en.wikipedia.org/wiki/Cambodia,Phnom Penh,,Khmer,km,181035.00,UTC +7,,+855,,,,,,
118,KI,Kiribati,.ki,https://en.wikipedia.org/wiki/Kiribati,South Tarawa,,English|Gilbertese,en|gil,811.19,UTC +12|UTC +13|UTC +14,,+686,,TRUE,,,,
119,KM,Comoros,.km,https://en.wikipedia.org/wiki/Comoros,Moroni,,Comorian(Ngazidja)|Comorian(Ndzwani)|Comorian(Maore)|Comorian(Mwali)|French|Arabic,fr|ar|zdj|wni|swb|wlc,2235.00,UTC +3,,+269,,,,,,
120,KN,Saint Kitts and Nevis,.kn,https://en.wikipedia.org/wiki/Saint_Kitts_and_Nevis,Basseterre,,English,en,261.00,UTC -4,,+1,869,TRUE,,,,
121,KP,Korea (Democratic People's Republic of),.kp,https://en.wikipedia.org/wiki/North_Korea,Pyongyang,,Korean,ko,120538.00,UTC +9,,+850,,,,,,
122,KR,Korea|Republic of,.kr,https://en.wikipedia.org/wiki/South_Korea,Seoul,,Korean,ko,100410.00,UTC +9,,+82,,,,,,
123,KW,Kuwait,.kw,https://en.wikipedia.org/wiki/Kuwait,Kuwait City,,Arabic,ar,17818.00,UTC +3,,+965,,,,,,
124,KY,Cayman Islands,.ky,https://en.wikipedia.org/wiki/Cayman_Islands,George Town,,English,en,259.00,UTC -5,,+1,345,,United Kingdom,gb,,
125,KZ,Kazakhstan,.kz,https://en.wikipedia.org/wiki/Kazakhstan,Astana,,Kazakh|Russian,kk|ru,2724900.00,UTC +5|UTC +6,,+7,,,,,,
126,LA,Lao People's Democratic Republic,.la,https://en.wikipedia.org/wiki/Laos,Vientiane,,Lao,lo,236800.00,UTC +7,,+856,,,,,,
127,LB,Lebanon,.lb,https://en.wikipedia.org/wiki/Lebanon,Beirut,,Arabic,ar,10452.00,UTC +2,UTC +3,+961,,,,,,
128,LC,Saint Lucia,.lc,https://en.wikipedia.org/wiki/Saint_Lucia,Castries,,English,en,617.00,UTC -4,,+1,758,TRUE,,,,
129,LI,Liechtenstein,.li,https://en.wikipedia.org/wiki/Liechtenstein,Vaduz,,German,de,160.00,UTC +1,UTC +2,+423,,,,,,
130,LK,Sri Lanka,.lk,https://en.wikipedia.org/wiki/Sri_Lanka,Sri Jayawardenepura Kotte ,Colombo,Sinhala|Tamil,si|ta,65610.20,UTC +5:30,,+94,,TRUE,,,,
131,LR,Liberia,.lr,https://en.wikipedia.org/wiki/Liberia,Monrovia,,English,en,111370.00,UTC 0,,+231,,,,,,
132,LS,Lesotho,.ls,https://en.wikipedia.org/wiki/Lesotho,Maseru,,Sesotho|English,en|st,30355.00,UTC +2,,+266,,TRUE,,,,
133,LT,Lithuania,.lt,https://en.wikipedia.org/wiki/Lithuania,Vilnius,,Lithuanian,lt,65300.00,UTC +2,UTC +3,+370,,,,,,
134,LU,Luxembourg,.lu,https://en.wikipedia.org/wiki/Luxembourg,Luxembourg City,,Luxembourgish|French|German,lb|fr|de,2586.40,UTC +1,UTC +2,+352,,,,,,
135,LV,Latvia,.lv,https://en.wikipedia.org/wiki/Latvia,Riga,,Latvian,lv,64589.00,UTC +2,UTC +3,+371,,,,,,
136,LY,Libya,.ly,https://en.wikipedia.org/wiki/Libya,Tripoli,,Arabic,ar,1759541.00,UTC +2,,+218,,,,,,
137,MA,Morocco,.ma,https://en.wikipedia.org/wiki/Morocco,Rabat,,Arabic|Tamazight,ar|zgh,446550.00,UTC +1,,+212,,,,,,
138,MC,Monaco,.mc,https://en.wikipedia.org/wiki/Monaco,Monaco,,French,fr,2.08,UTC +1,UTC +2,+377,,,,,,
139,MD,Moldova|Republic of,.md,https://en.wikipedia.org/wiki/Moldova,Chișinău,,Romanian,ro,33843.00,UTC +2,UTC +3,+373,,,,,,
140,ME,Montenegro,.me,https://en.wikipedia.org/wiki/Montenegro,Podgorica,,Montenegrin,cnr,13812.00,UTC +1,UTC +2,+382,,,,,,
141,MF,Saint Martin (French part),.mf,https://en.wikipedia.org/wiki/Collectivity_of_Saint_Martin,Marigot,,French,fr,53.20,UTC -4,,+590,,,France,fr,,
142,MG,Madagascar,.mg,https://en.wikipedia.org/wiki/Madagascar,Antananarivo,,Malagasy|French,mg|fr,587041.00,UTC +3,,+261,,,,,,
143,MH,Marshall Islands,.mh,https://en.wikipedia.org/wiki/Marshall_Islands,Majuro,,Marshallese|English,mh|en,181.43,UTC +12,,+692,,,,,,
144,MK,North Macedonia,.mk,https://en.wikipedia.org/wiki/North_Macedonia,Skopje,,Macedonian|Albanian,mk|sq,25713.00,UTC +1,UTC +2,+389,,,,,,
145,ML,Mali,.ml,https://en.wikipedia.org/wiki/Mali,Bamako,,Bambara|Bobo|Bozo|Dogon|Fula|Hassaniyya|Kassonke|Maninke|Minyanka|Senufo|Songhay|Soninke|Tamasheq,bm|bbo|ff|mey|kao|myk|son|snk|taq,1241238.00,UTC 0,,+223,,,,,,
146,MM,Myanmar,.mm,https://en.wikipedia.org/wiki/Myanmar,Naypyidaw,,Burmese,my,676579.00,UTC +6:30,,+95,,,,,,
147,MN,Mongolia,.mn,https://en.wikipedia.org/wiki/Mongolia,Ulaanbaatar,,Mongolian,mn,1564116.00,UTC +7|UTC +8,,+976,,,,,,
148,MO,Macao,.mo,https://en.wikipedia.org/wiki/Macau,Macao,,Chinese|Portuguese,zh|pt,115.30,UTC +8,,+853,,,China,cn,,
149,MP,Northern Mariana Islands,.mp,https://en.wikipedia.org/wiki/Northern_Mariana_Islands,Saipan,,English|Chamorro|Carolinian,en|ch|cal,464.00,UTC +10,,+1,670,,united states,us,,
150,MQ,Martinique,.mq,https://en.wikipedia.org/wiki/Martinique,,,French,fr,1128.00,UTC -4,,+596,,,France,fr,,
151,MR,Mauritania,.mr,https://en.wikipedia.org/wiki/Mauritania,Nouakchott,,Arabic,ar,1030000.00,UTC 0,,+222,,,,,,
152,MS,Montserrat,.ms,https://en.wikipedia.org/wiki/Montserrat,Plymouth,Brades,English,en,102.00,UTC -4,,+1,664,,United Kingdom,gb,,
153,MT,Malta,.mt,https://en.wikipedia.org/wiki/Malta,Valletta,,Maltese|English,mt|en,316.00,UTC +1,UTC +2,+356,,TRUE,,,,
154,MU,Mauritius,.mu,https://en.wikipedia.org/wiki/Mauritius,Port Louis,,,,2040.00,UTC +4,,+230,,TRUE,,,,
155,MV,Maldives,.mv,https://en.wikipedia.org/wiki/Maldives,Malé,,Dhivehi,dv,298.00,UTC +5,,+960,,TRUE,,,,
156,MW,Malawi,.mw,https://en.wikipedia.org/wiki/Malawi,Lilongwe,,English,en,118484.00,UTC +2,,+265,,TRUE,,,,
157,MX,Mexico,.mx,https://en.wikipedia.org/wiki/Mexico,Mexico City,,,,1972550.00,UTC -5|UTC -6|UTC -7|UTC -8,UTC -5|UTC -6|UTC -7,+52,,,,,,
158,MY,Malaysia,.my,https://en.wikipedia.org/wiki/Malaysia,Kuala Lumpur,,Malay,ms,330803.00,UTC +8,,+60,,TRUE,,,,
159,MZ,Mozambique,.mz,https://en.wikipedia.org/wiki/Mozambique,Maputo,,Portuguese,pt,801590.00,UTC +2,,+258,,TRUE,,,,
160,NA,Namibia,.na,https://en.wikipedia.org/wiki/Namibia,Windhoek,,English,en,825615.00,UTC +2,,+264,,TRUE,,,,
161,NC,New Caledonia,.nc,https://en.wikipedia.org/wiki/New_Caledonia,Nouméa,,French,fr,18600.00,UTC +11,,+687,,,France,fr,,
162,NE,Niger,.ne,https://en.wikipedia.org/wiki/Niger,Niamey,,French,fr,1267000.00,UTC +1,,+227,,,,,,
163,NF,Norfolk Island,.nf,https://en.wikipedia.org/wiki/Norfolk_Island,Kingston,,English|Norfuk,en|nih,34.60,UTC +11,UTC +12,+672,,,Australia,au,,
164,NG,Nigeria,.ng,https://en.wikipedia.org/wiki/Nigeria,Abuja,,English,en,923769.00,UTC +1,,+234,,TRUE,,,,
165,NI,Nicaragua,.ni,https://en.wikipedia.org/wiki/Nicaragua,Managua,,Spanish,es,130375.00,UTC -6,,+505,,,,,,
166,NL,Netherlands|Kingdom of the,.nl,https://en.wikipedia.org/wiki/Kingdom_of_the_Netherlands,Amsterdam,,Dutch,nl,42531.00,UTC +1,UTC +2,+31,,,,,,
167,NO,Norway,.no,https://en.wikipedia.org/wiki/Norway,Oslo,,Norwegian|Sámi,no|smi,385207.00,UTC +1,UTC +2,+47,,,,,,
168,NP,Nepal,.np,https://en.wikipedia.org/wiki/Nepal,Kathmandu,,Nepali,ne,147516.00,UTC +5:45,,+977,,,,,,
169,NR,Nauru,.nr,https://en.wikipedia.org/wiki/Nauru,,Yaren,Nauruan|English,na|en,21.00,UTC +12,,+674,,TRUE,,,,
170,NU,Niue,.nu,https://en.wikipedia.org/wiki/Niue,Alofi,,English|Niuean,niu|en,261.46,UTC -11,,+683,,,,,,
171,NZ,New Zealand,.nz,https://en.wikipedia.org/wiki/New_Zealand,Wellington,,English|Māori,mi|en,268021.00,UTC +12,UTC +13,+64,,TRUE,,,,
172,OM,Oman,.om,https://en.wikipedia.org/wiki/Oman,Muscat,,Arabic,ar,309500.00,UTC +4,,+968,,,,,,
173,PA,Panama,.pa,https://en.wikipedia.org/wiki/Panama,Panama City,,Spanish,es,75417.00,UTC -5,,+507,,,,,,
174,PE,Peru,.pe,https://en.wikipedia.org/wiki/Peru,Lima,,Spanish,es,1285216.00,UTC -5,,+51,,,,,,
175,PF,French Polynesia,.pf,https://en.wikipedia.org/wiki/French_Polynesia,Papeete,,French,fr,4167.00,UTC -9|UTC -9:30|UTC -10,,+689,,,France,fr,,
176,PG,Papua New Guinea,.pg,https://en.wikipedia.org/wiki/Papua_New_Guinea,Port Moresby,,English|Hiri Motu|Tok Pisin,en|ho|tpi,462840.00,UTC +10,UTC +11,+675,,TRUE,,,,
177,PH,Philippines,.ph,https://en.wikipedia.org/wiki/Philippines,Manila,Metro Manila,Filipino|English,fil|en,321918.00,UTC +8,,+63,,,,,,
178,PK,Pakistan,.pk,https://en.wikipedia.org/wiki/Pakistan,Islamabad,,Urdu|English,ur|en,881913.00,UTC +5,,+92,,TRUE,,,,
179,PL,Poland,.pl,https://en.wikipedia.org/wiki/Poland,Warsaw,,Polish,pl,312696.00,UTC +1,UTC +2,+48,,,,,,
180,PM,Saint Pierre and Miquelon,.pm,https://en.wikipedia.org/wiki/Saint_Pierre_and_Miquelon,Saint-Pierre,,French,fr,242.00,UTC -3,UTC -2,+508,,,France,fr,,
181,PN,Pitcairn,.pn,https://en.wikipedia.org/wiki/Pitcairn_Islands,Adamstown,,Pitkern|English,pih|en,47.00,UTC -8,,+64,,,United Kingdom,gb,,
182,PR,Puerto Rico,.pr,https://en.wikipedia.org/wiki/Puerto_Rico,San Juan,,Spanish|English,es|en,8897.00,UTC -4,,+1,787|939,,united states,us,,
183,PS,Palestine|State of,.ps,https://en.wikipedia.org/wiki/State_of_Palestine,,Jerusalem,Arabic,ar,6020.00,UTC +2,UTC +3,+970,,,,,,TRUE
184,PT,Portugal,.pt,https://en.wikipedia.org/wiki/Portugal,Lisbon,,Portuguese,pt,92230.00,UTC 0,UTC +1,,,,,,,
185,PW,Palau,.pw,https://en.wikipedia.org/wiki/Palau,Ngerulmud,,Palauan|English,pau|en,459.00,UTC +9,,+680,,,,,,
186,PY,Paraguay,.py,https://en.wikipedia.org/wiki/Paraguay,Asunción,,Spanish|Guarani,es|gn,406752.00,UTC -4,UTC -3,+595,,,,,,
187,QA,Qatar,.qa,https://en.wikipedia.org/wiki/Qatar,Doha,,Arabic,ar,11581.00,UTC +3,,+974,,,,,,
188,RE,Réunion,.re,https://en.wikipedia.org/wiki/R%C3%A9union,,,French,fr,2511.00,UTC +4,,+262,,,France,fr,,
189,RO,Romania,.ro,https://en.wikipedia.org/wiki/Romania,Bucharest,,Romanian,ro,238400.00,UTC +2,UTC +3,+40,,,,,,
190,RS,Serbia,.rs,https://en.wikipedia.org/wiki/Serbia,Belgrade,,Serbian,sr,88499.00,UTC +1,UTC +2,+381,,,,,,
191,RU,Russian Federation,.ru,https://en.wikipedia.org/wiki/Russia,Moscow,,Russian,ru,17098246.00,UTC +2|UTC +3|UTC +4|UTC +5|UTC +6|UTC +7|UTC +8|UTC +9|UTC +10|UTC +11|UTC +12,,+7,,,,,,
192,RW,Rwanda,.rw,https://en.wikipedia.org/wiki/Rwanda,Kigali,,Kinyarwanda|French|English|Swahili,rw|fr|en|sw,26338.00,UTC +2,,+250,,TRUE,,,,
193,SA,Saudi Arabia,.sa,https://en.wikipedia.org/wiki/Saudi_Arabia,Riyadh,,Arabic,ar,2149690.00,UTC +3,,+966,,,,,,
194,SB,Solomon Islands,.sb,https://en.wikipedia.org/wiki/Solomon_Islands,Honiara,,English|Pijin,en|pj,30407.00,UTC +11,,+677,,TRUE,,,,
195,SC,Seychelles,.sc,https://en.wikipedia.org/wiki/Seychelles,Victoria,,English|French|Seychellois Creole,en|fr|crs,457.00,UTC +4,,+248,,TRUE,,,,
196,SD,Sudan,.sd,https://en.wikipedia.org/wiki/Sudan,Khartoum,,Arabic|English,ar|en,1886068.00,UTC +2,,+249,,,,,,
197,SE,Sweden,.se,https://en.wikipedia.org/wiki/Sweden,Stockholm,,Swedish,sv,450295.00,UTC +1,UTC +2,+46,,,,,,
198,SG,Singapore,.sg,https://en.wikipedia.org/wiki/Singapore,Singapore,,English|Malay|Mandarin|Tamil,en|ms|ta|zh,734.30,UTC +8,,+65,,TRUE,,,,
199,SH,Saint Helena|Ascension and Tristan da Cunha,.sh,https://en.wikipedia.org/wiki/Saint_Helena|_Ascension_and_Tristan_da_Cunha,Jamestown,,English,en,394.00,UTC 0,,+290|+247,,,United Kingdom,gb,,
200,SI,Slovenia,.si,https://en.wikipedia.org/wiki/Slovenia,Ljubljana,,Slovene,sl,20271.00,UTC +1,UTC +2,+386,,,,,,
201,SJ,Svalbard and Jan Mayen,.sj,https://en.wikipedia.org/wiki/Svalbard_and_Jan_Mayen,Longyearbyen,,Norwegian,no,61399.00,UTC +1,UTC +2,+47,,,Norway,no,,
202,SK,Slovakia,.sk,https://en.wikipedia.org/wiki/Slovakia,Bratislava,,Slovak,sk,49035.00,UTC +1,UTC +2,+421,,,,,,
203,SL,Sierra Leone,.sl,https://en.wikipedia.org/wiki/Sierra_Leone,Freetown,,English,en,71740.00,UTC 0,,+232,,TRUE,,,,
204,SM,San Marino,.sm,https://en.wikipedia.org/wiki/San_Marino,San Marino,,Italian,it,61.20,UTC +1,UTC +2,+378,,,,,,
205,SN,Senegal,.sn,https://en.wikipedia.org/wiki/Senegal,Dakar,,French,fr,196722.00,UTC 0,,+221,,,,,,
206,SO,Somalia,.so,https://en.wikipedia.org/wiki/Somalia,Mogadishu,,Somali|Arabic,so|ar,637657.00,UTC +3,,+252,,,,,,
207,SR,Suriname,.sr,https://en.wikipedia.org/wiki/Suriname,Paramaribo,,Dutch,nl,163820.00,UTC -3,,+597,,,,,,
208,SS,South Sudan,.ss,https://en.wikipedia.org/wiki/South_Sudan,Juba,,English,en,644329.00,UTC +2,,+211,,,,,,
209,ST,Sao Tome and Principe,.st,https://en.wikipedia.org/wiki/S%C3%A3o_Tom%C3%A9_and_Pr%C3%ADncipe,São Tomé,,Portuguese,pt,964.00,UTC 0,,+239,,,,,,
210,SV,El Salvador,.sv,https://en.wikipedia.org/wiki/El_Salvador,San Salvador,,Spanish,es,21041.00,UTC -6,,+503,,,,,,
211,SX,Sint Maarten (Dutch part),.sx,https://en.wikipedia.org/wiki/Sint_Maarten,Philipsburg,,English|Dutch,en|nl,34.00,UTC -4,,+1,721,,netherlands,nl,,
212,SY,Syrian Arab Republic,.sy,https://en.wikipedia.org/wiki/Syria,Damascus,,Arabic,ar,185180.00,UTC +3,,+963,,,,,,
213,SZ,Eswatini,.sz,https://en.wikipedia.org/wiki/Eswatini,Lobamba,Mbabane,Swazi|English,ss|en,17364.00,UTC +2,,+268,,,,,,
214,TC,Turks and Caicos Islands,.tc,https://en.wikipedia.org/wiki/Turks_and_Caicos_Islands,Grand Turk,,English,en,948.00,UTC -5,UTC -4,+1,649,,United Kingdom,gb,,
215,TD,Chad,.td,https://en.wikipedia.org/wiki/Chad,N'Djamena,,Arabic|French,ar|fr,1284000.00,UTC +1,,+235,,,,,,
216,TF,French Southern Territories,.tf,https://en.wikipedia.org/wiki/French_Southern_and_Antarctic_Lands,,,French,fr,439666.40,UTC +4|UTC +5|UTC +10,,,,,France,fr,TRUE,
217,TG,Togo,.tg,https://en.wikipedia.org/wiki/Togo,Lomé,,French,fr,57000.00,UTC 0,,+228,,TRUE,,,,
218,TH,Thailand,.th,https://en.wikipedia.org/wiki/Thailand,Bangkok,,Thai,th,513120.00,UTC +7,,+66,,,,,,
219,TJ,Tajikistan,.tj,https://en.wikipedia.org/wiki/Tajikistan,Dushanbe,,Tajik|Russian,tg|ru,142326.00,UTC +5,,+992,,,,,,
220,TK,Tokelau,.tk,https://en.wikipedia.org/wiki/Tokelau,,,Tokelauan|English,tkl|en,10.00,UTC +13,,+690,,,New Zealand,nz,,
221,TL,Timor-Leste,.tl,https://en.wikipedia.org/wiki/East_Timor,Dili,,Portuguese|Tetuma,tet|pt,14874.00,UTC +9,,+670,,,,,,
222,TM,Turkmenistan,.tm,https://en.wikipedia.org/wiki/Turkmenistan,Ashgabat,,Turkmen,tk,491210.00,UTC +5,,+993,,,,,,
223,TN,Tunisia,.tn,https://en.wikipedia.org/wiki/Tunisia,Tunis,,Arabic,ar,163610.00,UTC +1,,+216,,,,,,
224,TO,Tonga,.to,https://en.wikipedia.org/wiki/Tonga,Nukuʻalofa,,Tongan|English,to|en,748.00,UTC +13,,+676,,TRUE,,,,
225,TR,Türkiye,.tr,https://en.wikipedia.org/wiki/Turkey,Ankara,,Turkish,tr,783562.00,UTC +3,,+90,,,,,,
226,TT,Trinidad and Tobago,.tt,https://en.wikipedia.org/wiki/Trinidad_and_Tobago,Port of Spain,,English,en,5131.00,UTC -4,,+1,868,TRUE,,,,
227,TV,Tuvalu,.tv,https://en.wikipedia.org/wiki/Tuvalu,Funafuti,,Tuvaluan|English,tvl|en,26.00,UTC +12,,+688,,TRUE,,,,
228,TW,Taiwan|Province of China,.tw,https://en.wikipedia.org/wiki/Taiwan|_China,Taipei,,Chinese,zh,36197.00,UTC +8,,+886,,,,,,TRUE
229,TZ,Tanzania|United Republic of,.tz,https://en.wikipedia.org/wiki/Tanzania,Dodoma,,Swahili|English,sw|en,947303.00,UTC +3,,+255,,TRUE,,,,
230,UA,Ukraine,.ua,https://en.wikipedia.org/wiki/Ukraine,Kyiv,,Ukrainian,uk,603628.00,UTC +2,UTC +3,+380,,,,,,
231,UG,Uganda,.ug,https://en.wikipedia.org/wiki/Uganda,Kampala,,Swahili|English,sw|en,241038.00,UTC +3,,+256,,TRUE,,,,
232,UM,United States Minor Outlying Islands,,https://en.wikipedia.org/wiki/United_States_Minor_Outlying_Islands,,,,,49.26,UTC -12|UTC -11|UTC -10|UTC -5|UTC +12,,,,,united states,us,TRUE,
233,US,United States of America,.us,https://en.wikipedia.org/wiki/United_States,Washington|D.C.,,,,9833520.00,UTC -12|UTC -11|UTC -10|UTC -9|UTC -8|UTC -7|UTC -6|UTC -5|UTC -4|UTC +10|UTC +11,UTC -4|UTC -5|UTC -6|UTC -7|UTC -8|UTC -9|UTC -10,+1,,,,,,
234,UY,Uruguay,.uy,https://en.wikipedia.org/wiki/Uruguay,Montevideo,,Spanish,es,176215.00,UTC -3,,+598,,,,,,
235,UZ,Uzbekistan,.uz,https://en.wikipedia.org/wiki/Uzbekistan,Tashkent,,Uzbek,uz,448978.00,UTC +5,,+998,,,,,,
236,VA,Holy See,.va,https://en.wikipedia.org/wiki/Vatican_City,Vatican City,,Latin|Italian,la|it,0.49,UTC +1,UTC +2,+379,,,,,,
237,VC,Saint Vincent and the Grenadines,.vc,https://en.wikipedia.org/wiki/Saint_Vincent_and_the_Grenadines,Kingstown,,English,en,389.00,UTC -4,,+1,784,TRUE,,,,
238,VE,Venezuela (Bolivarian Republic of),.ve,https://en.wikipedia.org/wiki/Venezuela,Caracas,,Spanish,es,916450.00,UTC -4,,+58,,,,,,
239,VG,Virgin Islands (British),.vg,https://en.wikipedia.org/wiki/British_Virgin_Islands,Road Town,,English,en,153.00,UTC -4,,+1,284,,United Kingdom,gb,,
240,VI,Virgin Islands (U.S.),.vi,https://en.wikipedia.org/wiki/United_States_Virgin_Islands,Charlotte Amalie,,English,en,346.40,UTC -4,,+1,340,,united states,us,,
241,VN,Viet Nam,.vn,https://en.wikipedia.org/wiki/Vietnam,Hanoi,,Vietnamese,vi,331700.00,UTC +7,,+84,,,,,,
242,VU,Vanuatu,.vu,https://en.wikipedia.org/wiki/Vanuatu,Port Vila,,Bislama|English|French,en|fr|bi,12189.00,UTC +11,,+678,,TRUE,,,,
243,WF,Wallis and Futuna,.wf,https://en.wikipedia.org/wiki/Wallis_and_Futuna,Mata Utu,,French,fr,142.42,UTC +12,,+681,,,France,fr,,
244,WS,Samoa,.ws,https://en.wikipedia.org/wiki/Samoa,Apia,,English|Samoan,en|sm,2831.00,UTC +13,,+685,,TRUE,,,,
245,YE,Yemen,.ye,https://en.wikipedia.org/wiki/Yemen,Sanaa,Aden,Arabic,ar,530000.00,UTC +3,,+967,,,,,,
246,YT,Mayotte,.yt,https://en.wikipedia.org/wiki/Mayotte,,,France,fr,374.00,UTC +3,,+262,,,France,fr,,
247,ZA,South Africa,.za,https://en.wikipedia.org/wiki/South_Africa,Cape Town,Pretoria,Afrikaans|English|Ndebele|Sepedi|Sesotho|Setswana|Swazi|Tshivenda|Xhosa|Xitsonga|Zulu,af|en|nr|nso|st|tn|ss|ve|xh|ts|zu,1221037.00,UTC +2,,+27,,TRUE,,,,
248,ZM,Zambia,.zm,https://en.wikipedia.org/wiki/Zambia,Lusaka,,English,en,752617.00,UTC +2,,+260,,TRUE,,,,
249,ZW,Zimbabwe,.zw,https://en.wikipedia.org/wiki/Zimbabwe,Harare,,Chewa|Chibarwe|English|Kalanga|Koisan|Nambya|Ndau|Ndebele|Shangani|Shona|Sotho|Tonga|Tswana|Venda|Xhosa,ny|seh|en|kck|nmq|ndc|nd|ts|sn|st|toi|tn|ve|xh,390757.00,UTC +2,,+263,,,,,,